preprocessing,embeddings,micro_f1,macro_f1
[],,0.8751625487646293,0.7982455357401766
[],position,0.8787014696205308,0.7993336022409663
[],sk,0.8766946417043254,0.8000872696699646
[],sk position,0.8801392212312379,0.8085467080164218
[],deps,0.8829141370338249,0.8078069492407984
[],deps  position,0.8812527185732927,0.8082309894877736
[],deps sk,0.8793483047115808,0.8058235907092363
[],deps sk position,0.8668141592920354,0.7988557072203202
[],pos_tag,0.8848936636702477,0.8056116679246688
[],pos_tag   position,0.8805086603814952,0.8078586324726192
[],pos_tag  sk,0.8771316134674247,0.8033780423673754
[],pos_tag  sk position,0.8700839593460009,0.8035836832953114
[],pos_tag deps,0.8794998922181504,0.80341407130999
[],pos_tag deps  position,0.8728323699421966,0.7833877363110101
[],pos_tag deps sk,0.8801955990220048,0.8041756355419925
[],pos_tag deps sk position,0.8699609882964889,0.7959344206665182
['sw'],,0.8388106416275429,0.7600856138097588
['sw'],position,0.8499008155168613,0.7774275856165374
['sw'],sk,0.8470588235294118,0.7789949588494942
['sw'],sk position,0.8466503449810816,0.773571406848643
['sw'],deps,0.8379218472468917,0.7665288759445295
['sw'],deps  position,0.8386816999132698,0.7506677889264108
['sw'],deps sk,0.8514548238897397,0.7796356623379871
['sw'],deps sk position,0.8332968236582695,0.7666514733785379
['sw'],pos_tag,0.8419426048565122,0.773297768787075
['sw'],pos_tag   position,0.8372296263928337,0.7614279194088727
['sw'],pos_tag  sk,0.851345390383767,0.7800307251528235
['sw'],pos_tag  sk position,0.8394079964656507,0.7714063991435978
['sw'],pos_tag deps,0.8384849804092295,0.7596222487339875
['sw'],pos_tag deps  position,0.8412132024977698,0.7638116729150001
['sw'],pos_tag deps sk,0.8412663272083241,0.7744821312391353
['sw'],pos_tag deps sk position,0.8371385083713851,0.763893852901635
['d'],,0.8592297476759628,0.7829004450104528
['d'],position,0.8852818600570301,0.8050856773551657
['d'],sk,0.8768240343347641,0.8044576398985115
['d'],sk position,0.8767537232894453,0.7993461176518131
['d'],deps,0.881886293521375,0.8052399097248472
['d'],deps  position,0.8804015713662157,0.8066634071315032
['d'],deps sk,0.8691709844559586,0.7932429638654879
['d'],deps sk position,0.8658751099384344,0.7958000202277103
['d'],pos_tag,0.8788744779072324,0.800217686301631
['d'],pos_tag   position,0.8783783783783784,0.8001733984210281
['d'],pos_tag  sk,0.8732271437922758,0.7969461154791484
['d'],pos_tag  sk position,0.8702222222222222,0.7956303732444457
['d'],pos_tag deps,0.8726322664924886,0.7985818525356396
['d'],pos_tag deps  position,0.8773397929971372,0.7918123333156668
['d'],pos_tag deps sk,0.8675819309123117,0.7956955840617069
['d'],pos_tag deps sk position,0.8683928953563023,0.7909655712184275
['b'],,0.8733759083902224,0.7930583190133785
['b'],position,0.8840070298769771,0.8047795059408532
['b'],sk,0.8712998712998714,0.7974284640111007
['b'],sk position,0.8816185966422729,0.8049773241318348
['b'],deps,0.8769535549196567,0.8002925633345389
['b'],deps  position,0.8735083532219571,0.802031361401298
['b'],deps sk,0.8785046728971962,0.8082444158164797
['b'],deps sk position,0.8701241134751773,0.7914909446783084
['b'],pos_tag,0.8816827344434707,0.8037328640650904
['b'],pos_tag   position,0.884315424610052,0.8088102721088049
['b'],pos_tag  sk,0.8841238899718432,0.8132351650946132
['b'],pos_tag  sk position,0.8699731903485254,0.7996170430058317
['b'],pos_tag deps,0.8787812840043525,0.8031125569317848
['b'],pos_tag deps  position,0.8771466314398942,0.7964790858849101
['b'],pos_tag deps sk,0.8680570801317233,0.7880057189601885
['b'],pos_tag deps sk position,0.8761158284345744,0.8098583454527241
['p'],,0.8785698713756267,0.7998987768373935
['p'],position,0.8730897009966777,0.7964534001011209
['p'],sk,0.8740868070477008,0.7972018803370865
['p'],sk position,0.8769230769230768,0.8070460351141904
['p'],deps,0.8758198513336248,0.7960651724716741
['p'],deps  position,0.8785999113867965,0.8037306523818034
['p'],deps sk,0.8828507795100223,0.8106938843389215
['p'],deps sk position,0.8698370171913372,0.7952169030634356
['p'],pos_tag,0.8704957414282594,0.7878708993922124
['p'],pos_tag   position,0.8804512909524843,0.8054948803450664
['p'],pos_tag  sk,0.8787546590659943,0.8017835676445291
['p'],pos_tag  sk position,0.8739236034444692,0.7943109149560422
['p'],pos_tag deps,0.877277716794731,0.8021964778040138
['p'],pos_tag deps  position,0.8777107086966243,0.7974247614579747
['p'],pos_tag deps sk,0.8697777777777778,0.7943406818789093
['p'],pos_tag deps sk position,0.8821765209940018,0.8056918672181542
['eb'],,0.7993637809588728,0.6981933038308662
['eb'],position,0.8163992869875223,0.7158083167524332
['eb'],sk,0.8090614886731392,0.7117427333144641
['eb'],sk position,0.7957653286281429,0.7038426314512435
['eb'],deps,0.8116969428444838,0.7160220859358514
['eb'],deps  position,0.8080896900417674,0.7187834845991293
['eb'],deps sk,0.800705467372134,0.7021941676532584
['eb'],deps sk position,0.7988631394840402,0.7048345549672277
['eb'],pos_tag,0.8133333333333334,0.7116150295387471
['eb'],pos_tag   position,0.8069634200088144,0.7109943436255609
['eb'],pos_tag  sk,0.8071845920796364,0.7116448165917849
['eb'],pos_tag  sk position,0.8076668869795108,0.7082585763739113
['eb'],pos_tag deps,0.8108226052803841,0.7177642812407109
['eb'],pos_tag deps  position,0.8184233835252437,0.7107513354943888
['eb'],pos_tag deps sk,0.8144420131291029,0.7148467241423169
['eb'],pos_tag deps sk position,0.8123774242754412,0.7190815062788131
['nb'],,0.8000898472596586,0.7079783892876224
['nb'],position,0.8166928427193179,0.7134813459726362
['nb'],sk,0.8081650570676031,0.7074368307474829
['nb'],sk position,0.8098560837331007,0.7085936604563042
['nb'],deps,0.8185037627268703,0.722517216702049
['nb'],deps  position,0.8063464464246903,0.7097262984424342
['nb'],deps sk,0.8118291347207011,0.7133154172244747
['nb'],deps sk position,0.8147827966284851,0.7132471497439712
['nb'],pos_tag,0.816696113074205,0.7152739064092458
['nb'],pos_tag   position,0.8144128500108531,0.7174072470572518
['nb'],pos_tag  sk,0.8083170890188435,0.7081983870566542
['nb'],pos_tag  sk position,0.8161220043572984,0.7171225784038718
['nb'],pos_tag deps,0.8134344528710725,0.7184190675141247
['nb'],pos_tag deps  position,0.8110042496085887,0.7068519595947532
['nb'],pos_tag deps sk,0.8164598301763554,0.7175413083970369
['nb'],pos_tag deps sk position,0.8137598597721296,0.7170716352090326
"['sw', 'd']",,0.8285146766718163,0.7576178017467141
"['sw', 'd']",position,0.8411173184357542,0.7669855009308539
"['sw', 'd']",sk,0.8427286685676684,0.7633149795724946
"['sw', 'd']",sk position,0.8466726618705036,0.7698297319331724
"['sw', 'd']",deps,0.8464059427572647,0.77442772070502
"['sw', 'd']",deps  position,0.8268689057421452,0.74913110667989
"['sw', 'd']",deps sk,0.8494836299714351,0.7757935227301982
"['sw', 'd']",deps sk position,0.8433787945446547,0.7747798508777654
"['sw', 'd']",pos_tag,0.8446709505871925,0.7651496714581025
"['sw', 'd']",pos_tag   position,0.8397742075553626,0.7622154600920281
"['sw', 'd']",pos_tag  sk,0.8424989001319843,0.7694281483626838
"['sw', 'd']",pos_tag  sk position,0.844542447629548,0.7773966138607408
"['sw', 'd']",pos_tag deps,0.8346354166666666,0.7607333020545419
"['sw', 'd']",pos_tag deps  position,0.8464223385689355,0.7761304212584144
"['sw', 'd']",pos_tag deps sk,0.8374233128834356,0.7709585559852085
"['sw', 'd']",pos_tag deps sk position,0.8343991179713341,0.7631042316391586
"['sw', 'b']",,0.8308370044052864,0.7523172728684857
"['sw', 'b']",position,0.8459321658168921,0.7697209393266145
"['sw', 'b']",sk,0.8442694663167104,0.7723144537177669
"['sw', 'b']",sk position,0.8524009736667403,0.7786599244713038
"['sw', 'b']",deps,0.8392456219128873,0.7662540616806616
"['sw', 'b']",deps  position,0.8412767818102318,0.7635278567413171
"['sw', 'b']",deps sk,0.8529607451763142,0.7852424784606565
"['sw', 'b']",deps sk position,0.8459710520630805,0.7720991607621135
"['sw', 'b']",pos_tag,0.8435643564356435,0.7654892550678586
"['sw', 'b']",pos_tag   position,0.8412767818102318,0.761258698906064
"['sw', 'b']",pos_tag  sk,0.8544809228039042,0.7881688799957901
"['sw', 'b']",pos_tag  sk position,0.8442876047640053,0.7720031819578037
"['sw', 'b']",pos_tag deps,0.8388072601555748,0.7575002107832775
"['sw', 'b']",pos_tag deps  position,0.8385393752749671,0.7579916246142323
"['sw', 'b']",pos_tag deps sk,0.842704003500328,0.7688016537119049
"['sw', 'b']",pos_tag deps sk position,0.8515111695137977,0.7765601970208692
"['sw', 'p']",,0.8319401671799384,0.7605915507890403
"['sw', 'p']",position,0.8473451327433629,0.7704297779802585
"['sw', 'p']",sk,0.8447748141670309,0.7675138125407096
"['sw', 'p']",sk position,0.8447478528958379,0.7758256756685092
"['sw', 'p']",deps,0.8459334361913158,0.7625163673843225
"['sw', 'p']",deps  position,0.849476439790576,0.7684489093549899
"['sw', 'p']",deps sk,0.8438893844781444,0.7762435385911282
"['sw', 'p']",deps sk position,0.8394898856640279,0.7641323527613821
"['sw', 'p']",pos_tag,0.8429715302491103,0.7670173515204459
"['sw', 'p']",pos_tag   position,0.8367258553486359,0.7566334624481577
"['sw', 'p']",pos_tag  sk,0.8474651317245959,0.7770201301771152
"['sw', 'p']",pos_tag  sk position,0.8367170626349891,0.7651936067855791
"['sw', 'p']",pos_tag deps,0.8408499566348655,0.7627142051994009
"['sw', 'p']",pos_tag deps  position,0.8417314095449502,0.7625888411108476
"['sw', 'p']",pos_tag deps sk,0.8250110472823685,0.7552481540129533
"['sw', 'p']",pos_tag deps sk position,0.8421052631578947,0.7733230934977597
"['sw', 'eb']",,0.6863382899628253,0.5676249122958145
"['sw', 'eb']",position,0.7044789556605896,0.5898859632540614
"['sw', 'eb']",sk,0.6945494994438265,0.5870108606113966
"['sw', 'eb']",sk position,0.7012466607301869,0.595027824794469
"['sw', 'eb']",deps,0.6996370235934664,0.585244135251321
"['sw', 'eb']",deps  position,0.7135769057284618,0.5835844385687029
"['sw', 'eb']",deps sk,0.6931134388232673,0.593793933073981
"['sw', 'eb']",deps sk position,0.6873881932021467,0.5940348375488308
"['sw', 'eb']",pos_tag,0.7062514004033161,0.5887152259818431
"['sw', 'eb']",pos_tag   position,0.6913524497629261,0.5648105660605754
"['sw', 'eb']",pos_tag  sk,0.6891318902030797,0.5864326157503
"['sw', 'eb']",pos_tag  sk position,0.6910224994430829,0.5841370089509234
"['sw', 'eb']",pos_tag deps,0.7035786630654963,0.5721352050655351
"['sw', 'eb']",pos_tag deps  position,0.7081554706807459,0.5807084364823636
"['sw', 'eb']",pos_tag deps sk,0.6959206174200662,0.5898109974729985
"['sw', 'eb']",pos_tag deps sk position,0.7127496159754224,0.61111020862849
"['sw', 'nb']",,0.682424526094079,0.5582124375805705
"['sw', 'nb']",position,0.7004048582995952,0.5841214312954554
"['sw', 'nb']",sk,0.6965547703180212,0.5970249268647719
"['sw', 'nb']",sk position,0.6819293176261391,0.5858287384679508
"['sw', 'nb']",deps,0.7048595630851539,0.5832344428809174
"['sw', 'nb']",deps  position,0.7071921621019818,0.5781662355153351
"['sw', 'nb']",deps sk,0.6967509025270758,0.6023094211536265
"['sw', 'nb']",deps sk position,0.6882976422236643,0.58093107672036
"['sw', 'nb']",pos_tag,0.7025330643353508,0.5832402533950978
"['sw', 'nb']",pos_tag   position,0.6966192170818506,0.5764721093718111
"['sw', 'nb']",pos_tag  sk,0.6952828079588643,0.5943062663491274
"['sw', 'nb']",pos_tag  sk position,0.6861924686192468,0.5918364534371658
"['sw', 'nb']",pos_tag deps,0.6985645933014355,0.569096987943304
"['sw', 'nb']",pos_tag deps  position,0.705511811023622,0.5740860549065706
"['sw', 'nb']",pos_tag deps sk,0.6937445699391833,0.5828337936292884
"['sw', 'nb']",pos_tag deps sk position,0.7096774193548386,0.6088124576694757
"['d', 'b']",,0.8609128271685053,0.7810991648052654
"['d', 'b']",position,0.8758741258741258,0.7979482287685522
"['d', 'b']",sk,0.8846153846153847,0.8085735120478718
"['d', 'b']",sk position,0.8779209434374317,0.8041830254586508
"['d', 'b']",deps,0.8835078534031413,0.8051636208015641
"['d', 'b']",deps  position,0.8762975778546712,0.8029516413437878
"['d', 'b']",deps sk,0.8758965442295154,0.8035945634281728
"['d', 'b']",deps sk position,0.8716707021791769,0.7954609342607663
"['d', 'b']",pos_tag,0.8822619836536338,0.8014713035519344
"['d', 'b']",pos_tag   position,0.8781549173194082,0.8031539055512971
"['d', 'b']",pos_tag  sk,0.8774054054054053,0.8039490432891241
"['d', 'b']",pos_tag  sk position,0.8650427913100724,0.7902337211895952
"['d', 'b']",pos_tag deps,0.8775688675120246,0.8056978139095838
"['d', 'b']",pos_tag deps  position,0.8762954796030872,0.7956170812488847
"['d', 'b']",pos_tag deps sk,0.8697962798937112,0.7941547133965524
"['d', 'b']",pos_tag deps sk position,0.8760794473229708,0.7968260730079958
"['d', 'p']",,0.8775554120938241,0.7988646226475575
"['d', 'p']",position,0.8759964570416298,0.7988539522136394
"['d', 'p']",sk,0.8734395178648299,0.7955014425994554
"['d', 'p']",sk position,0.8733896046201687,0.8016420826343899
"['d', 'p']",deps,0.877070619006103,0.7987955108887878
"['d', 'p']",deps  position,0.8766050054406964,0.7993423850460566
"['d', 'p']",deps sk,0.8730581446959609,0.8053463699671684
"['d', 'p']",deps sk position,0.8700985761226725,0.7952594060468012
"['d', 'p']",pos_tag,0.8761779531010301,0.7979626278462111
"['d', 'p']",pos_tag   position,0.8748101540464309,0.7995423004535827
"['d', 'p']",pos_tag  sk,0.8787678767876788,0.8085172517885669
"['d', 'p']",pos_tag  sk position,0.8674805771365149,0.7915834285899237
"['d', 'p']",pos_tag deps,0.8680738786279683,0.7948965733840977
"['d', 'p']",pos_tag deps  position,0.8736541419468249,0.7855795983133309
"['d', 'p']",pos_tag deps sk,0.8676180021953898,0.7942455415972198
"['d', 'p']",pos_tag deps sk position,0.8743216843933146,0.8020427506123223
"['d', 'eb']",,0.7969140004538234,0.6913712667250752
"['d', 'eb']",position,0.820704845814978,0.7194893145870105
"['d', 'eb']",sk,0.8066274253324613,0.7037030200456156
"['d', 'eb']",sk position,0.7936367653557225,0.6943439378106774
"['d', 'eb']",deps,0.8204444444444443,0.7216141987369816
"['d', 'eb']",deps  position,0.812513769552765,0.7199298198725992
"['d', 'eb']",deps sk,0.8040157136621563,0.7018528602371239
"['d', 'eb']",deps sk position,0.8016121809225257,0.7033588388098071
"['d', 'eb']",pos_tag,0.818381706244503,0.7214220479173148
"['d', 'eb']",pos_tag   position,0.8067410811993871,0.7163331778394891
"['d', 'eb']",pos_tag  sk,0.8083424807903402,0.7117662072354913
"['d', 'eb']",pos_tag  sk position,0.8037988344485215,0.7024298255675809
"['d', 'eb']",pos_tag deps,0.8080985915492958,0.7147764687459888
"['d', 'eb']",pos_tag deps  position,0.8153573013759432,0.7167654692290778
"['d', 'eb']",pos_tag deps sk,0.8002672010688042,0.6940243201179388
"['d', 'eb']",pos_tag deps sk position,0.8174929638449879,0.7172118959485501
"['d', 'nb']",,0.8020600089565607,0.7101599634164267
"['d', 'nb']",position,0.8134998904229674,0.7094593991451836
"['d', 'nb']",sk,0.8124456048738034,0.7098289727881943
"['d', 'nb']",sk position,0.7963940193491645,0.6970034400154306
"['d', 'nb']",deps,0.8170194003527337,0.7127077265604463
"['d', 'nb']",deps  position,0.8041327764343813,0.7116472252545367
"['d', 'nb']",deps sk,0.8034001743679162,0.7009780225852834
"['d', 'nb']",deps sk position,0.801926023199825,0.6922395102137052
"['d', 'nb']",pos_tag,0.81203007518797,0.7091687872319038
"['d', 'nb']",pos_tag   position,0.8076923076923076,0.7148227777651266
"['d', 'nb']",pos_tag  sk,0.8061470911086717,0.7050522353405047
"['d', 'nb']",pos_tag  sk position,0.8102142393421338,0.7034711478814044
"['d', 'nb']",pos_tag deps,0.8083060109289617,0.715797720453375
"['d', 'nb']",pos_tag deps  position,0.8189116859946476,0.7159701055747533
"['d', 'nb']",pos_tag deps sk,0.8080939947780679,0.7144354207939693
"['d', 'nb']",pos_tag deps sk position,0.8169381107491857,0.7184937904871112
"['b', 'p']",,0.8736335811106254,0.7917805862932418
"['b', 'p']",position,0.8713819368879216,0.7921739270477264
"['b', 'p']",sk,0.8765484835540366,0.7940948064229602
"['b', 'p']",sk position,0.8810668998688238,0.8103269664250982
"['b', 'p']",deps,0.8764192139737991,0.7968019836937859
"['b', 'p']",deps  position,0.8739678400695351,0.7972791079457058
"['b', 'p']",deps sk,0.8701067615658363,0.8026873096728442
"['b', 'p']",deps sk position,0.8663101604278074,0.7887962233268806
"['b', 'p']",pos_tag,0.8764680295780775,0.7993137650811319
"['b', 'p']",pos_tag   position,0.8731164009609085,0.8039141752820992
"['b', 'p']",pos_tag  sk,0.8770851624231782,0.803050846438706
"['b', 'p']",pos_tag  sk position,0.8655649843680214,0.7913650079251804
"['b', 'p']",pos_tag deps,0.8747833622183709,0.8022321097014233
"['b', 'p']",pos_tag deps  position,0.8832420591456737,0.8073318049228172
"['b', 'p']",pos_tag deps sk,0.8677319130048823,0.7936056404436419
"['b', 'p']",pos_tag deps sk position,0.8806194880619488,0.8066406720768927
"['b', 'eb']",,0.8034875922199867,0.7018068594621699
"['b', 'eb']",position,0.8126371215445372,0.7100040713641428
"['b', 'eb']",sk,0.8129976328814289,0.7139409806335802
"['b', 'eb']",sk position,0.8034225537516454,0.7102759420844257
"['b', 'eb']",deps,0.8120731438642873,0.7132484289124229
"['b', 'eb']",deps  position,0.8064375815571988,0.714076958870396
"['b', 'eb']",deps sk,0.7939609236234458,0.6975651587433124
"['b', 'eb']",deps sk position,0.8094612352168199,0.7102267388048197
"['b', 'eb']",pos_tag,0.8143236074270557,0.7128900696748864
"['b', 'eb']",pos_tag   position,0.8071729023688289,0.7202880926698176
"['b', 'eb']",pos_tag  sk,0.8119938717443642,0.7206899911063236
"['b', 'eb']",pos_tag  sk position,0.8079670924442519,0.7160569306325028
"['b', 'eb']",pos_tag deps,0.8083885209713024,0.7178695776823821
"['b', 'eb']",pos_tag deps  position,0.8111011638316921,0.7091494339281489
"['b', 'eb']",pos_tag deps sk,0.8130511463844797,0.7139519263006184
"['b', 'eb']",pos_tag deps sk position,0.812458872559772,0.7149314543661012
"['b', 'nb']",,0.7907503967354341,0.6982455225475324
"['b', 'nb']",position,0.814225756571681,0.7154797858731379
"['b', 'nb']",sk,0.8063102541630149,0.7112173149020052
"['b', 'nb']",sk position,0.8056103440718826,0.7088962248469199
"['b', 'nb']",deps,0.8136865342163354,0.7144738273297827
"['b', 'nb']",deps  position,0.8153172866520789,0.7219471975908149
"['b', 'nb']",deps sk,0.8108945969884853,0.7119416016267285
"['b', 'nb']",deps sk position,0.813321647677476,0.7127631366056792
"['b', 'nb']",pos_tag,0.8148312611012433,0.7195098764412021
"['b', 'nb']",pos_tag   position,0.8072552447552447,0.7127137982527008
"['b', 'nb']",pos_tag  sk,0.8049101271372205,0.7110693072693337
"['b', 'nb']",pos_tag  sk position,0.8078516902944385,0.7083697139110869
"['b', 'nb']",pos_tag deps,0.8035792230467044,0.7094679278799907
"['b', 'nb']",pos_tag deps  position,0.8217158176943699,0.7177627796146059
"['b', 'nb']",pos_tag deps sk,0.8148631029986961,0.7128928900198631
"['b', 'nb']",pos_tag deps sk position,0.8051382538645765,0.7125982844005304
"['p', 'eb']",,0.7955322543879644,0.6904311766501102
"['p', 'eb']",position,0.8117099135063208,0.7103987323561622
"['p', 'eb']",sk,0.8128920614319706,0.7157773780793586
"['p', 'eb']",sk position,0.8073435080734351,0.7063738863139529
"['p', 'eb']",deps,0.8133421692069802,0.7158699118173445
"['p', 'eb']",deps  position,0.8181617809124971,0.7279552620198535
"['p', 'eb']",deps sk,0.8111522544108039,0.7082177723832338
"['p', 'eb']",deps sk position,0.8050342238904835,0.7030464960401629
"['p', 'eb']",pos_tag,0.8109066725781423,0.7115141054833749
"['p', 'eb']",pos_tag   position,0.8164165931156222,0.7228780176236742
"['p', 'eb']",pos_tag  sk,0.8038319181362944,0.702982565426591
"['p', 'eb']",pos_tag  sk position,0.8008839779005524,0.6984889379519155
"['p', 'eb']",pos_tag deps,0.8108346179255671,0.7135397851399052
"['p', 'eb']",pos_tag deps  position,0.8115684093437152,0.7102738833519108
"['p', 'eb']",pos_tag deps sk,0.8098918083462132,0.7124853704328588
"['p', 'eb']",pos_tag deps sk position,0.8129229425889545,0.7153031201095645
"['p', 'nb']",,0.7971741112123975,0.7070783463053602
"['p', 'nb']",position,0.8170080142475513,0.7199342328768992
"['p', 'nb']",sk,0.8121761658031088,0.7161892334266515
"['p', 'nb']",sk position,0.8061645322335577,0.7067671688745046
"['p', 'nb']",deps,0.8192077893339234,0.7188220155705941
"['p', 'nb']",deps  position,0.8096809680968097,0.7146760185719423
"['p', 'nb']",deps sk,0.8047130700414575,0.7083225170686853
"['p', 'nb']",deps sk position,0.8072262612910333,0.7063775501185409
"['p', 'nb']",pos_tag,0.8173098371626143,0.7132719262018337
"['p', 'nb']",pos_tag   position,0.8150744960560912,0.719504127679673
"['p', 'nb']",pos_tag  sk,0.7880123402379903,0.6877532595613399
"['p', 'nb']",pos_tag  sk position,0.8075654277545634,0.7071225900946659
"['p', 'nb']",pos_tag deps,0.8116641087480816,0.7138852427457285
"['p', 'nb']",pos_tag deps  position,0.8193041526374859,0.7079676762095977
"['p', 'nb']",pos_tag deps sk,0.8134263295553619,0.7139328348270898
"['p', 'nb']",pos_tag deps sk position,0.8130330198994096,0.7186069688117603
"['sw', 'd', 'b']",,0.8296460176991151,0.7525762108514207
"['sw', 'd', 'b']",position,0.836898395721925,0.7625336151973002
"['sw', 'd', 'b']",sk,0.8395934600088378,0.7627184984050407
"['sw', 'd', 'b']",sk position,0.8440895985806166,0.773392473653385
"['sw', 'd', 'b']",deps,0.844296788482835,0.7724384323964923
"['sw', 'd', 'b']",deps  position,0.8407367280606716,0.7609724612417333
"['sw', 'd', 'b']",deps sk,0.8476211357158518,0.7753159996689872
"['sw', 'd', 'b']",deps sk position,0.8442320225939605,0.7704021628452566
"['sw', 'd', 'b']",pos_tag,0.8452274754683319,0.7741271277785404
"['sw', 'd', 'b']",pos_tag   position,0.8467881944444444,0.7676282614979372
"['sw', 'd', 'b']",pos_tag  sk,0.8427065026362041,0.7642397386620524
"['sw', 'd', 'b']",pos_tag  sk position,0.8356043956043957,0.7627825088845878
"['sw', 'd', 'b']",pos_tag deps,0.8413763254706773,0.7657185227589854
"['sw', 'd', 'b']",pos_tag deps  position,0.8423829413057815,0.7677381984797078
"['sw', 'd', 'b']",pos_tag deps sk,0.8313622426631625,0.7654258070359553
"['sw', 'd', 'b']",pos_tag deps sk position,0.8416190057193137,0.7750360572028743
"['sw', 'd', 'p']",,0.8251655629139073,0.7473763260994367
"['sw', 'd', 'p']",position,0.8451015004413063,0.7662414296624057
"['sw', 'd', 'p']",sk,0.8332237563006794,0.7574913504833205
"['sw', 'd', 'p']",sk position,0.8456317057149112,0.7751389371927783
"['sw', 'd', 'p']",deps,0.8439003060778313,0.762701998830618
"['sw', 'd', 'p']",deps  position,0.8366861345446679,0.7578711891035639
"['sw', 'd', 'p']",deps sk,0.8423144876325088,0.7686350937777252
"['sw', 'd', 'p']",deps sk position,0.8445121951219511,0.76248333908168
"['sw', 'd', 'p']",pos_tag,0.8471577084715771,0.7749290603674791
"['sw', 'd', 'p']",pos_tag   position,0.8361086765994741,0.7567821675768185
"['sw', 'd', 'p']",pos_tag  sk,0.8385800401875418,0.7673713790731672
"['sw', 'd', 'p']",pos_tag  sk position,0.8412388997184319,0.7711436377800256
"['sw', 'd', 'p']",pos_tag deps,0.8377259856240471,0.7576220957044214
"['sw', 'd', 'p']",pos_tag deps  position,0.8324850630670502,0.7518535385954133
"['sw', 'd', 'p']",pos_tag deps sk,0.8380204926967517,0.769068186088295
"['sw', 'd', 'p']",pos_tag deps sk position,0.8475169547145045,0.7785153069368389
"['sw', 'd', 'eb']",,0.6794545874740006,0.567701839555304
"['sw', 'd', 'eb']",position,0.7064385411976587,0.5851796299374464
"['sw', 'd', 'eb']",sk,0.6928017718715394,0.5900647120589827
"['sw', 'd', 'eb']",sk position,0.6866621222449443,0.5810595618869773
"['sw', 'd', 'eb']",deps,0.6946241356234665,0.5817327664936606
"['sw', 'd', 'eb']",deps  position,0.7026783704704029,0.5732563412602342
"['sw', 'd', 'eb']",deps sk,0.69826224328594,0.5873468310030604
"['sw', 'd', 'eb']",deps sk position,0.6970991679784124,0.5944797470013684
"['sw', 'd', 'eb']",pos_tag,0.6934422509643748,0.5678692612295889
"['sw', 'd', 'eb']",pos_tag   position,0.6950386891215294,0.5652179786937029
"['sw', 'd', 'eb']",pos_tag  sk,0.6891502107832261,0.5873327370892131
"['sw', 'd', 'eb']",pos_tag  sk position,0.6901157613535174,0.5890715324202824
"['sw', 'd', 'eb']",pos_tag deps,0.7079365079365079,0.5802432307335957
"['sw', 'd', 'eb']",pos_tag deps  position,0.6996336996336997,0.5709452892244208
"['sw', 'd', 'eb']",pos_tag deps sk,0.6974677920924034,0.6001807071847056
"['sw', 'd', 'eb']",pos_tag deps sk position,0.7143174250832408,0.6086707516569253
"['sw', 'd', 'nb']",,0.6869844179651696,0.5676410348093888
"['sw', 'd', 'nb']",position,0.6996386630532971,0.5798536854135944
"['sw', 'd', 'nb']",sk,0.6949891067538125,0.592621277499938
"['sw', 'd', 'nb']",sk position,0.6916817359855334,0.5844251462971121
"['sw', 'd', 'nb']",deps,0.7145717463848721,0.5974794219369614
"['sw', 'd', 'nb']",deps  position,0.6899189918991899,0.5552332903610783
"['sw', 'd', 'nb']",deps sk,0.6748466257668713,0.5737465123088991
"['sw', 'd', 'nb']",deps sk position,0.6875685156763868,0.5901332907084568
"['sw', 'd', 'nb']",pos_tag,0.7014260249554366,0.5821593777782744
"['sw', 'd', 'nb']",pos_tag   position,0.6858974358974358,0.5489824116255014
"['sw', 'd', 'nb']",pos_tag  sk,0.6849377123442808,0.5832255369162475
"['sw', 'd', 'nb']",pos_tag  sk position,0.6899621633652347,0.5889631735519026
"['sw', 'd', 'nb']",pos_tag deps,0.6916181084715375,0.5556205032056836
"['sw', 'd', 'nb']",pos_tag deps  position,0.7070479621706824,0.5791121740559511
"['sw', 'd', 'nb']",pos_tag deps sk,0.6949414623370886,0.5988183714475919
"['sw', 'd', 'nb']",pos_tag deps sk position,0.7053591283077607,0.6071915056372262
"['sw', 'b', 'p']",,0.8365784292277401,0.7660538429812229
"['sw', 'b', 'p']",position,0.838622552329507,0.7552332274132292
"['sw', 'b', 'p']",sk,0.8486698648059309,0.7661279169173781
"['sw', 'b', 'p']",sk position,0.8428256070640177,0.7767374419501745
"['sw', 'b', 'p']",deps,0.8458813108945971,0.7743609079442879
"['sw', 'b', 'p']",deps  position,0.8450765864332603,0.7682604758141566
"['sw', 'b', 'p']",deps sk,0.8434310532030402,0.7735823402190093
"['sw', 'b', 'p']",deps sk position,0.8398857895892818,0.7704389720053161
"['sw', 'b', 'p']",pos_tag,0.8478162989644306,0.7652448958269448
"['sw', 'b', 'p']",pos_tag   position,0.8427184466019418,0.7599135291712917
"['sw', 'b', 'p']",pos_tag  sk,0.8468546637744035,0.7764917551579239
"['sw', 'b', 'p']",pos_tag  sk position,0.8484054172127566,0.7715533480148163
"['sw', 'b', 'p']",pos_tag deps,0.8420597144093466,0.7654011134349551
"['sw', 'b', 'p']",pos_tag deps  position,0.8428851601656134,0.7595742875763469
"['sw', 'b', 'p']",pos_tag deps sk,0.8332971093240601,0.7588207484559328
"['sw', 'b', 'p']",pos_tag deps sk position,0.8441415695757309,0.7746824541889101
"['sw', 'b', 'eb']",,0.6635115948887838,0.5451857155171917
"['sw', 'b', 'eb']",position,0.6999093381686311,0.5801790184123042
"['sw', 'b', 'eb']",sk,0.7009857612267252,0.6063626801059332
"['sw', 'b', 'eb']",sk position,0.6869449378330373,0.5787764076448222
"['sw', 'b', 'eb']",deps,0.6853146853146853,0.5617701509084461
"['sw', 'b', 'eb']",deps  position,0.7118491921005387,0.5854253708966608
"['sw', 'b', 'eb']",deps sk,0.6812402409101049,0.5698760625018128
"['sw', 'b', 'eb']",deps sk position,0.6826818082550774,0.5785135257177036
"['sw', 'b', 'eb']",pos_tag,0.6928956834532374,0.5723076254927275
"['sw', 'b', 'eb']",pos_tag   position,0.6973920863309352,0.5725546459738076
"['sw', 'b', 'eb']",pos_tag  sk,0.6823635952003622,0.5763013884212439
"['sw', 'b', 'eb']",pos_tag  sk position,0.6926444833625219,0.5918703405370183
"['sw', 'b', 'eb']",pos_tag deps,0.7122060470324747,0.5828235980219805
"['sw', 'b', 'eb']",pos_tag deps  position,0.6988062442607897,0.5753436110413004
"['sw', 'b', 'eb']",pos_tag deps sk,0.6924101198402131,0.5858562475125568
"['sw', 'b', 'eb']",pos_tag deps sk position,0.7106890459363958,0.6079028976001974
"['sw', 'b', 'nb']",,0.6854764107308048,0.5619908525422264
"['sw', 'b', 'nb']",position,0.7033065236818588,0.5841201799942478
<<<<<<< Updated upstream
"['sw', 'b', 'nb']",sk,0.693258183394754,0.5928720429163663
=======
"['sw', 'b', 'nb']",sk,0.6932581833947541,0.5928720429163663
>>>>>>> Stashed changes
"['sw', 'b', 'nb']",sk position,0.6917668405534134,0.5937395660030041
"['sw', 'b', 'nb']",deps,0.6987251174233952,0.5826152549185171
"['sw', 'b', 'nb']",deps  position,0.7087181797702184,0.5804817446545528
"['sw', 'b', 'nb']",deps sk,0.6900427062261182,0.588699140708119
"['sw', 'b', 'nb']",deps sk position,0.6933216168717048,0.5952368070573096
<<<<<<< Updated upstream
"['sw', 'b', 'nb']",pos_tag,0.693363329583802,0.575618892564499
=======
"['sw', 'b', 'nb']",pos_tag,0.6933633295838021,0.575618892564499
>>>>>>> Stashed changes
"['sw', 'b', 'nb']",pos_tag   position,0.6992532247114732,0.5712789085739748
"['sw', 'b', 'nb']",pos_tag  sk,0.6843657817109144,0.5877073140626738
"['sw', 'b', 'nb']",pos_tag  sk position,0.6905769659166853,0.5902110789923206
"['sw', 'b', 'nb']",pos_tag deps,0.7005549389567147,0.5749369516167202
"['sw', 'b', 'nb']",pos_tag deps  position,0.6950033913633281,0.569017880176467
"['sw', 'b', 'nb']",pos_tag deps sk,0.6978667827601219,0.597273706163229
"['sw', 'b', 'nb']",pos_tag deps sk position,0.7065120428189116,0.6038878881866191
"['sw', 'p', 'eb']",,0.6907909997680353,0.5690984658736844
"['sw', 'p', 'eb']",position,0.7085404428377766,0.588269847828412
"['sw', 'p', 'eb']",sk,0.6855992844364938,0.589243689630765
"['sw', 'p', 'eb']",sk position,0.6900159199454173,0.5891095806337432
"['sw', 'p', 'eb']",deps,0.6994388327721661,0.5695528060592328
"['sw', 'p', 'eb']",deps  position,0.711051930758988,0.5805294650602433
"['sw', 'p', 'eb']",deps sk,0.6914414414414415,0.594373348413475
"['sw', 'p', 'eb']",deps sk position,0.6964009715168912,0.5961256453484862
"['sw', 'p', 'eb']",pos_tag,0.7032025259359495,0.5790604152418322
"['sw', 'p', 'eb']",pos_tag   position,0.7090627077332151,0.582072005825594
"['sw', 'p', 'eb']",pos_tag  sk,0.6923929917941894,0.5863496110681792
"['sw', 'p', 'eb']",pos_tag  sk position,0.6822325995107851,0.5806976568792984
"['sw', 'p', 'eb']",pos_tag deps,0.7187639946260636,0.5924420766016469
"['sw', 'p', 'eb']",pos_tag deps  position,0.7063887630267331,0.5718251240259549
<<<<<<< Updated upstream
"['sw', 'p', 'eb']",pos_tag deps sk,0.6792704626334519,0.580813937068149
=======
"['sw', 'p', 'eb']",pos_tag deps sk,0.6792704626334519,0.5808139370681489
>>>>>>> Stashed changes
"['sw', 'p', 'eb']",pos_tag deps sk position,0.7109046671090468,0.6090522331802354
"['sw', 'p', 'nb']",,0.7026779583428703,0.5772077053683548
"['sw', 'p', 'nb']",position,0.7064343163538874,0.5926041283081024
"['sw', 'p', 'nb']",sk,0.6969630762508193,0.602070415647142
"['sw', 'p', 'nb']",sk position,0.6895007835236177,0.5884018630649387
"['sw', 'p', 'nb']",deps,0.70509977827051,0.5909318359789665
"['sw', 'p', 'nb']",deps  position,0.6983562860950688,0.5771898569767755
"['sw', 'p', 'nb']",deps sk,0.6889737255782619,0.5775880343437696
"['sw', 'p', 'nb']",deps sk position,0.6756517896597437,0.5794789157684948
<<<<<<< Updated upstream
"['sw', 'p', 'nb']",pos_tag,0.7087378640776698,0.59510831684083
"['sw', 'p', 'nb']",pos_tag   position,0.6975184439973172,0.5815515401347625
"['sw', 'p', 'nb']",pos_tag  sk,0.6943633505501908,0.5968358121534577
"['sw', 'p', 'nb']",pos_tag  sk position,0.6879150066401063,0.584129733121938
=======
"['sw', 'p', 'nb']",pos_tag,0.7087378640776698,0.5951083168408299
"['sw', 'p', 'nb']",pos_tag   position,0.6975184439973172,0.5815515401347625
"['sw', 'p', 'nb']",pos_tag  sk,0.6943633505501908,0.5968358121534577
"['sw', 'p', 'nb']",pos_tag  sk position,0.6879150066401063,0.5841297331219379
>>>>>>> Stashed changes
"['sw', 'p', 'nb']",pos_tag deps,0.7030731815166924,0.5893160094474764
"['sw', 'p', 'nb']",pos_tag deps  position,0.7121621621621621,0.5868873944590528
"['sw', 'p', 'nb']",pos_tag deps sk,0.6842105263157895,0.5814259135042361
"['sw', 'p', 'nb']",pos_tag deps sk position,0.7023545091070635,0.599981069454952
"['d', 'b', 'p']",,0.8768258120776107,0.7962889301300281
"['d', 'b', 'p']",position,0.8737231036731146,0.7951914782671734
"['d', 'b', 'p']",sk,0.8821490467937608,0.7994772145626006
"['d', 'b', 'p']",sk position,0.8823268206039075,0.815167671076266
"['d', 'b', 'p']",deps,0.8769466988374643,0.7980271726193351
"['d', 'b', 'p']",deps  position,0.8754914809960682,0.7975191595452619
"['d', 'b', 'p']",deps sk,0.8747523662777901,0.8051016016828629
"['d', 'b', 'p']",deps sk position,0.8680926916221033,0.7898817890731976
"['d', 'b', 'p']",pos_tag,0.8782837127845885,0.7999498331672988
"['d', 'b', 'p']",pos_tag   position,0.8806855636123928,0.8034682593135364
"['d', 'b', 'p']",pos_tag  sk,0.8777679362267493,0.8070699249605685
"['d', 'b', 'p']",pos_tag  sk position,0.870074307588381,0.7953412010030717
"['d', 'b', 'p']",pos_tag deps,0.8775869660942317,0.8039690728482416
"['d', 'b', 'p']",pos_tag deps  position,0.8738977072310405,0.7897946317974047
<<<<<<< Updated upstream
"['d', 'b', 'p']",pos_tag deps sk,0.869640537029017,0.792480433789148
"['d', 'b', 'p']",pos_tag deps sk position,0.8673068529026626,0.7909991676943898
"['d', 'b', 'eb']",,0.783623055809698,0.675368026409068
=======
"['d', 'b', 'p']",pos_tag deps sk,0.8696405370290171,0.7924804337891479
"['d', 'b', 'p']",pos_tag deps sk position,0.8673068529026626,0.7909991676943898
"['d', 'b', 'eb']",,0.7836230558096979,0.675368026409068
>>>>>>> Stashed changes
"['d', 'b', 'eb']",position,0.8142638372347408,0.7182840365393763
"['d', 'b', 'eb']",sk,0.7996469549867609,0.6995595421084801
"['d', 'b', 'eb']",sk position,0.7996485061511424,0.699112027184819
"['d', 'b', 'eb']",deps,0.8180825507752784,0.7163585320343621
"['d', 'b', 'eb']",deps  position,0.8069787985865724,0.7129987731277677
"['d', 'b', 'eb']",deps sk,0.8048140043763676,0.7037974837523487
"['d', 'b', 'eb']",deps sk position,0.8024691358024691,0.7003199919948105
"['d', 'b', 'eb']",pos_tag,0.8204450319453624,0.7189972573093609
<<<<<<< Updated upstream
"['d', 'b', 'eb']",pos_tag   position,0.792311091471498,0.7022160712369905
=======
"['d', 'b', 'eb']",pos_tag   position,0.7923110914714978,0.7022160712369905
>>>>>>> Stashed changes
"['d', 'b', 'eb']",pos_tag  sk,0.7964601769911506,0.7028980130213577
"['d', 'b', 'eb']",pos_tag  sk position,0.7883563142919676,0.6901328138471611
"['d', 'b', 'eb']",pos_tag deps,0.802103879026956,0.7132537575989597
"['d', 'b', 'eb']",pos_tag deps  position,0.8094053809631472,0.7068533344430994
<<<<<<< Updated upstream
"['d', 'b', 'eb']",pos_tag deps sk,0.805131608051316,0.7069075902578253
"['d', 'b', 'eb']",pos_tag deps sk position,0.8053633217993079,0.706355677807701
=======
"['d', 'b', 'eb']",pos_tag deps sk,0.8051316080513159,0.7069075902578253
"['d', 'b', 'eb']",pos_tag deps sk position,0.8053633217993079,0.7063556778077009
>>>>>>> Stashed changes
"['d', 'b', 'nb']",,0.8085106382978723,0.7207709917652597
"['d', 'b', 'nb']",position,0.8171517440568762,0.7172792674107356
"['d', 'b', 'nb']",sk,0.8089102424110068,0.7054482403011507
"['d', 'b', 'nb']",sk position,0.8003525782282944,0.7033509310983902
"['d', 'b', 'nb']",deps,0.8170459616242749,0.7203910845370679
"['d', 'b', 'nb']",deps  position,0.8084824387011266,0.7177538840515155
"['d', 'b', 'nb']",deps sk,0.801767955801105,0.7077732612208477
"['d', 'b', 'nb']",deps sk position,0.8060156931124672,0.7070285609828433
"['d', 'b', 'nb']",pos_tag,0.8154257690592955,0.7175336386592508
"['d', 'b', 'nb']",pos_tag   position,0.8025533788245652,0.7133875503062482
"['d', 'b', 'nb']",pos_tag  sk,0.8109058927000881,0.7169013169071285
<<<<<<< Updated upstream
"['d', 'b', 'nb']",pos_tag  sk position,0.812785388127854,0.7116535423560876
=======
"['d', 'b', 'nb']",pos_tag  sk position,0.8127853881278541,0.7116535423560876
>>>>>>> Stashed changes
"['d', 'b', 'nb']",pos_tag deps,0.8069087688219664,0.7126027075646807
"['d', 'b', 'nb']",pos_tag deps  position,0.82271714922049,0.7197831387101672
"['d', 'b', 'nb']",pos_tag deps sk,0.8099246787771379,0.7046829086263874
"['d', 'b', 'nb']",pos_tag deps sk position,0.8088618592528237,0.7224169957644895
"['d', 'p', 'eb']",,0.7953562485772819,0.6938146123568888
"['d', 'p', 'eb']",position,0.8179616993176315,0.7198121014842258
"['d', 'p', 'eb']",sk,0.8084830123349924,0.7088256093536053
"['d', 'p', 'eb']",sk position,0.8076072534276869,0.7098602186799879
"['d', 'p', 'eb']",deps,0.814128796037045,0.71536513073331
"['d', 'p', 'eb']",deps  position,0.8211182891512586,0.7308499408961098
"['d', 'p', 'eb']",deps sk,0.8118942731277533,0.7134806442673247
"['d', 'p', 'eb']",deps sk position,0.8177426438296005,0.7212267662077414
"['d', 'p', 'eb']",pos_tag,0.8109796920330283,0.7153529116915255
"['d', 'p', 'eb']",pos_tag   position,0.8105960264900662,0.7197303878507221
"['d', 'p', 'eb']",pos_tag  sk,0.8120497707924035,0.7096031156315733
"['d', 'p', 'eb']",pos_tag  sk position,0.8110253583241455,0.7131436089635632
"['d', 'p', 'eb']",pos_tag deps,0.8123186788663246,0.7201593975190536
"['d', 'p', 'eb']",pos_tag deps  position,0.8109904719698648,0.7075279881796647
"['d', 'p', 'eb']",pos_tag deps sk,0.8006970159006753,0.6982176542939169
"['d', 'p', 'eb']",pos_tag deps sk position,0.8167381974248926,0.72104376388263
"['d', 'p', 'nb']",,0.7932156133828996,0.6954546276495522
"['d', 'p', 'nb']",position,0.8106194690265486,0.7038371299328373
"['d', 'p', 'nb']",sk,0.8079964850615113,0.7025612165966499
"['d', 'p', 'nb']",sk position,0.8035870516185476,0.7069122281062281
"['d', 'p', 'nb']",deps,0.8125136731568584,0.7180000580277642
"['d', 'p', 'nb']",deps  position,0.8078708821578597,0.7154920969466044
"['d', 'p', 'nb']",deps sk,0.7980727113447218,0.7017902864695765
"['d', 'p', 'nb']",deps sk position,0.8116826503923279,0.7122978281639595
"['d', 'p', 'nb']",pos_tag,0.8159684141259047,0.7261305975416583
"['d', 'p', 'nb']",pos_tag   position,0.8178405829101346,0.7192086944746561
"['d', 'p', 'nb']",pos_tag  sk,0.8051663747810859,0.7069459130854305
"['d', 'p', 'nb']",pos_tag  sk position,0.8200217627856364,0.7156163652843485
"['d', 'p', 'nb']",pos_tag deps,0.8101933216168717,0.7137990525686186
"['d', 'p', 'nb']",pos_tag deps  position,0.8142345568487018,0.7049246452038065
"['d', 'p', 'nb']",pos_tag deps sk,0.8133655748516156,0.7185806690917275
"['d', 'p', 'nb']",pos_tag deps sk position,0.8153914590747331,0.7252411910872901
"['b', 'p', 'eb']",,0.7992799279927992,0.7044068159539908
"['b', 'p', 'eb']",position,0.8166593212869105,0.7155719094438502
<<<<<<< Updated upstream
"['b', 'p', 'eb']",sk,0.8138138138138138,0.716476325395814
=======
"['b', 'p', 'eb']",sk,0.8138138138138138,0.7164763253958141
>>>>>>> Stashed changes
"['b', 'p', 'eb']",sk position,0.8088811493252069,0.7052738076866203
"['b', 'p', 'eb']",deps,0.8124037827138774,0.7164684386514774
"['b', 'p', 'eb']",deps  position,0.8075904677846426,0.7152873632475608
"['b', 'p', 'eb']",deps sk,0.8076500329742801,0.7051385789919637
"['b', 'p', 'eb']",deps sk position,0.8041833555852247,0.7043691563741593
"['b', 'p', 'eb']",pos_tag,0.8157778757161745,0.7124282120502955
"['b', 'p', 'eb']",pos_tag   position,0.8117283950617284,0.7175292294366733
"['b', 'p', 'eb']",pos_tag  sk,0.8136263736263737,0.7131721422818953
<<<<<<< Updated upstream
"['b', 'p', 'eb']",pos_tag  sk position,0.8035516093229744,0.706282726294759
"['b', 'p', 'eb']",pos_tag deps,0.8128719418117699,0.7203158093222342
"['b', 'p', 'eb']",pos_tag deps  position,0.814535785508531,0.7063104158951571
=======
"['b', 'p', 'eb']",pos_tag  sk position,0.8035516093229744,0.7062827262947591
"['b', 'p', 'eb']",pos_tag deps,0.8128719418117699,0.7203158093222342
"['b', 'p', 'eb']",pos_tag deps  position,0.8145357855085309,0.7063104158951571
>>>>>>> Stashed changes
"['b', 'p', 'eb']",pos_tag deps sk,0.8034643570952699,0.7034438544580055
"['b', 'p', 'eb']",pos_tag deps sk position,0.8101983002832861,0.722424823469348
"['b', 'p', 'nb']",,0.8010923987255348,0.7061127703501524
"['b', 'p', 'nb']",position,0.8159929313010825,0.7170681983293393
"['b', 'p', 'nb']",sk,0.8099606815203145,0.7076151068056645
"['b', 'p', 'nb']",sk position,0.8058656161085577,0.7091929238316654
"['b', 'p', 'nb']",deps,0.8192982456140352,0.721495642688846
"['b', 'p', 'nb']",deps  position,0.8137810728303532,0.7183317589065862
"['b', 'p', 'nb']",deps sk,0.8076332529063391,0.7114530817442136
"['b', 'p', 'nb']",deps sk position,0.8130081300813008,0.717905434090073
"['b', 'p', 'nb']",pos_tag,0.8190184049079755,0.7253130512086122
"['b', 'p', 'nb']",pos_tag   position,0.807079646017699,0.7106434312846244
"['b', 'p', 'nb']",pos_tag  sk,0.8050065876152832,0.7083138477604966
"['b', 'p', 'nb']",pos_tag  sk position,0.8144914884329987,0.712537547281549
"['b', 'p', 'nb']",pos_tag deps,0.8085387323943661,0.7106567093903182
"['b', 'p', 'nb']",pos_tag deps  position,0.8157600179091111,0.7063599562321327
"['b', 'p', 'nb']",pos_tag deps sk,0.8038235933087117,0.6984560905424142
"['b', 'p', 'nb']",pos_tag deps sk position,0.8115435067774377,0.7131861346668171
"['sw', 'd', 'b', 'p']",,0.8228596452813662,0.7488504300811115
"['sw', 'd', 'b', 'p']",position,0.8501118568232663,0.7795994288761555
"['sw', 'd', 'b', 'p']",sk,0.8361086765994741,0.7634518836576646
"['sw', 'd', 'b', 'p']",sk position,0.8501988510826337,0.7796270327991024
"['sw', 'd', 'b', 'p']",deps,0.8441268423403305,0.7694977801160995
"['sw', 'd', 'b', 'p']",deps  position,0.8414660594231186,0.7651968178609598
"['sw', 'd', 'b', 'p']",deps sk,0.8434476693051891,0.7738693868292932
"['sw', 'd', 'b', 'p']",deps sk position,0.8443468715697037,0.7691592990025707
"['sw', 'd', 'b', 'p']",pos_tag,0.8514056224899599,0.7721961053153549
"['sw', 'd', 'b', 'p']",pos_tag   position,0.8391850888599913,0.7609980971686665
"['sw', 'd', 'b', 'p']",pos_tag  sk,0.84318536694178,0.7673179559079023
"['sw', 'd', 'b', 'p']",pos_tag  sk position,0.8356766256590509,0.7659572309589979
"['sw', 'd', 'b', 'p']",pos_tag deps,0.8433734939759037,0.7615559662023422
"['sw', 'd', 'b', 'p']",pos_tag deps  position,0.8414985590778099,0.7633811366222193
"['sw', 'd', 'b', 'p']",pos_tag deps sk,0.8299024918743229,0.759071510524272
"['sw', 'd', 'b', 'p']",pos_tag deps sk position,0.8405545927209704,0.7684417892672878
"['sw', 'd', 'b', 'eb']",,0.6725829051844933,0.5501565461494027
"['sw', 'd', 'b', 'eb']",position,0.6921165574881409,0.5720624044830631
"['sw', 'd', 'b', 'eb']",sk,0.6958286358511838,0.5916822829329936
"['sw', 'd', 'b', 'eb']",sk position,0.6846119336025124,0.5762280880968284
"['sw', 'd', 'b', 'eb']",deps,0.6926719278466742,0.5730229631434967
"['sw', 'd', 'b', 'eb']",deps  position,0.7003873319662793,0.5700376535017468
"['sw', 'd', 'b', 'eb']",deps sk,0.6958659217877095,0.5997319350056681
"['sw', 'd', 'b', 'eb']",deps sk position,0.6923413566739607,0.593757753383239
"['sw', 'd', 'b', 'eb']",pos_tag,0.6966953372566773,0.5699760824649757
"['sw', 'd', 'b', 'eb']",pos_tag   position,0.7038295943802402,0.5777946848071615
"['sw', 'd', 'b', 'eb']",pos_tag  sk,0.6789651293588301,0.5723935061651543
"['sw', 'd', 'b', 'eb']",pos_tag  sk position,0.6900532859680284,0.5966013293700196
"['sw', 'd', 'b', 'eb']",pos_tag deps,0.6943566591422122,0.5554604829714411
"['sw', 'd', 'b', 'eb']",pos_tag deps  position,0.6962564447433311,0.5702233747559502
"['sw', 'd', 'b', 'eb']",pos_tag deps sk,0.6824158680632939,0.5784977723089127
"['sw', 'd', 'b', 'eb']",pos_tag deps sk position,0.7104162078837261,0.6108584818471968
"['sw', 'd', 'b', 'nb']",,0.6711347353824821,0.5413181772013509
"['sw', 'd', 'b', 'nb']",position,0.7009049773755657,0.5797862723097783
"['sw', 'd', 'b', 'nb']",sk,0.6895196506550219,0.5816826637704083
"['sw', 'd', 'b', 'nb']",sk position,0.680917390336228,0.5810941642156416
"['sw', 'd', 'b', 'nb']",deps,0.705563093622795,0.5838116257056308
"['sw', 'd', 'b', 'nb']",deps  position,0.690950226244344,0.5610813513056219
"['sw', 'd', 'b', 'nb']",deps sk,0.6861924686192468,0.5862296412409207
"['sw', 'd', 'b', 'nb']",deps sk position,0.6952526799387443,0.6003031084196094
"['sw', 'd', 'b', 'nb']",pos_tag,0.7006939780613387,0.5818360056778127
"['sw', 'd', 'b', 'nb']",pos_tag   position,0.6860385925085131,0.5558985896990708
"['sw', 'd', 'b', 'nb']",pos_tag  sk,0.6935193519351935,0.5890460913454966
"['sw', 'd', 'b', 'nb']",pos_tag  sk position,0.6833333333333333,0.5763813707464366
"['sw', 'd', 'b', 'nb']",pos_tag deps,0.6900401965163019,0.5620521066048111
"['sw', 'd', 'b', 'nb']",pos_tag deps  position,0.7011468405666741,0.5772110407920298
"['sw', 'd', 'b', 'nb']",pos_tag deps sk,0.6900304745319982,0.5859064102946798
"['sw', 'd', 'b', 'nb']",pos_tag deps sk position,0.7046816063900601,0.6044631339713424
"['sw', 'd', 'p', 'eb']",,0.6950517836593787,0.5800984957485436
"['sw', 'd', 'p', 'eb']",position,0.7001109877913428,0.5767332395083204
"['sw', 'd', 'p', 'eb']",sk,0.7015823490082459,0.6008033898009789
"['sw', 'd', 'p', 'eb']",sk position,0.6861443116423196,0.5834096157180019
"['sw', 'd', 'p', 'eb']",deps,0.70859167404783,0.5933544134961009
"['sw', 'd', 'p', 'eb']",deps  position,0.7092166927025219,0.5887755926469573
"['sw', 'd', 'p', 'eb']",deps sk,0.6911764705882354,0.5911066183087763
"['sw', 'd', 'p', 'eb']",deps sk position,0.683493410766138,0.580437169707212
"['sw', 'd', 'p', 'eb']",pos_tag,0.7045707915273133,0.5789201064146006
"['sw', 'd', 'p', 'eb']",pos_tag   position,0.7049808429118773,0.5785887793699785
"['sw', 'd', 'p', 'eb']",pos_tag  sk,0.6766439909297052,0.5730864341221246
"['sw', 'd', 'p', 'eb']",pos_tag  sk position,0.6785873938310237,0.5794968436226826
"['sw', 'd', 'p', 'eb']",pos_tag deps,0.7041433370660695,0.5793244320058338
"['sw', 'd', 'p', 'eb']",pos_tag deps  position,0.7039131418231169,0.5682588639067742
"['sw', 'd', 'p', 'eb']",pos_tag deps sk,0.6674152256905457,0.5653218610186898
"['sw', 'd', 'p', 'eb']",pos_tag deps sk position,0.7139396608676501,0.6052374515850858
"['sw', 'd', 'p', 'nb']",,0.6841744690568622,0.5820265697600849
"['sw', 'd', 'p', 'nb']",position,0.7014428412874583,0.5691986764314951
"['sw', 'd', 'p', 'nb']",sk,0.7072640278381906,0.6035088805587802
"['sw', 'd', 'p', 'nb']",sk position,0.6729729729729729,0.5803109452571915
"['sw', 'd', 'p', 'nb']",deps,0.6980880391285015,0.5769119301034812
"['sw', 'd', 'p', 'nb']",deps  position,0.711834579850418,0.5882605314750975
"['sw', 'd', 'p', 'nb']",deps sk,0.6831571846188441,0.5838490327830863
"['sw', 'd', 'p', 'nb']",deps sk position,0.6922398589065256,0.5875125035338693
"['sw', 'd', 'p', 'nb']",pos_tag,0.7024175824175825,0.585405812823958
"['sw', 'd', 'p', 'nb']",pos_tag   position,0.6973947895791582,0.5776193808966731
"['sw', 'd', 'p', 'nb']",pos_tag  sk,0.6798313734191258,0.5734843738323651
"['sw', 'd', 'p', 'nb']",pos_tag  sk position,0.6770621468926553,0.5818378120967843
"['sw', 'd', 'p', 'nb']",pos_tag deps,0.6987736900780379,0.5683516549273366
"['sw', 'd', 'p', 'nb']",pos_tag deps  position,0.7004295726882206,0.5794896630573539
"['sw', 'd', 'p', 'nb']",pos_tag deps sk,0.6935232584019587,0.5887794664851501
"['sw', 'd', 'p', 'nb']",pos_tag deps sk position,0.7060099804729877,0.607017980356166
"['sw', 'b', 'p', 'eb']",,0.6821527138914444,0.5681538990025043
"['sw', 'b', 'p', 'eb']",position,0.7083793942073845,0.5802763737724066
"['sw', 'b', 'p', 'eb']",sk,0.6984196663740123,0.5994694375130635
"['sw', 'b', 'p', 'eb']",sk position,0.6795592534292783,0.575996643967153
"['sw', 'b', 'p', 'eb']",deps,0.7033707865168539,0.5866685336632328
"['sw', 'b', 'p', 'eb']",deps  position,0.6996640537513998,0.5696555599644832
"['sw', 'b', 'p', 'eb']",deps sk,0.6852017937219731,0.5837815778546617
"['sw', 'b', 'p', 'eb']",deps sk position,0.6743720826850411,0.5690996966604135
"['sw', 'b', 'p', 'eb']",pos_tag,0.7063046892528606,0.5865391895307598
"['sw', 'b', 'p', 'eb']",pos_tag   position,0.6992380098610488,0.5763896727402341
"['sw', 'b', 'p', 'eb']",pos_tag  sk,0.6889239792465598,0.5834423266213601
"['sw', 'b', 'p', 'eb']",pos_tag  sk position,0.6936518469365185,0.5951211517739644
"['sw', 'b', 'p', 'eb']",pos_tag deps,0.7085201793721974,0.5801618727116017
"['sw', 'b', 'p', 'eb']",pos_tag deps  position,0.7049703602371181,0.5755463348170385
"['sw', 'b', 'p', 'eb']",pos_tag deps sk,0.6802053113144387,0.5796890024106593
"['sw', 'b', 'p', 'eb']",pos_tag deps sk position,0.7197382769901853,0.6152359712698896
"['sw', 'b', 'p', 'nb']",,0.6804843968327899,0.5525109990435674
"['sw', 'b', 'p', 'nb']",position,0.7040930440617311,0.5834189249171272
"['sw', 'b', 'p', 'nb']",sk,0.6954813359528487,0.6004840654012417
"['sw', 'b', 'p', 'nb']",sk position,0.6894396070551463,0.5932345797347319
"['sw', 'b', 'p', 'nb']",deps,0.700530035335689,0.5812697216211765
"['sw', 'b', 'p', 'nb']",deps  position,0.7105263157894737,0.6003165227870189
"['sw', 'b', 'p', 'nb']",deps sk,0.6814020986827418,0.5766314120519355
"['sw', 'b', 'p', 'nb']",deps sk position,0.6668144535579694,0.5704009176516754
"['sw', 'b', 'p', 'nb']",pos_tag,0.7058823529411764,0.5856171897927801
"['sw', 'b', 'p', 'nb']",pos_tag   position,0.7015614691005058,0.5751031387757369
"['sw', 'b', 'p', 'nb']",pos_tag  sk,0.6827726349062992,0.5776690769260212
"['sw', 'b', 'p', 'nb']",pos_tag  sk position,0.6657842488418266,0.5661791637602868
"['sw', 'b', 'p', 'nb']",pos_tag deps,0.6995812210711925,0.5852613320775647
"['sw', 'b', 'p', 'nb']",pos_tag deps  position,0.7087223867000683,0.5754318769248561
"['sw', 'b', 'p', 'nb']",pos_tag deps sk,0.6901718818862935,0.5795790878169137
"['sw', 'b', 'p', 'nb']",pos_tag deps sk position,0.7,0.5957399426551582
"['d', 'b', 'p', 'eb']",,0.7900323027226581,0.690877465483052
"['d', 'b', 'p', 'eb']",position,0.8165834599522467,0.7176673812643536
"['d', 'b', 'p', 'eb']",sk,0.817946505608283,0.718825109150517
